{"source_name": "Mavrouli_et_al_2018-W_MR_HD", "target_name": "Torres_Corredor_et_al_2017-Heavy_roof", "source_damage_states": [0, 1, 2, 3, 4], "target_damage_states": [0, 1], "conv_matrix": "{\"0\":{\"0\":0.9999851906,\"1\":0.3178597487,\"2\":0.2115864508,\"3\":0.0314209326,\"4\":0.0186244974},\"1\":{\"0\":0.0000148094,\"1\":0.6821402513,\"2\":0.7884135492,\"3\":0.9685790674,\"4\":0.9813755026}}"}