{"source_name": "Mavrouli_et_al_2018-RC_S_HD", "target_name": "Torres_Corredor_et_al_2017-Heavy_roof", "source_damage_states": [0, 1, 2, 3, 4], "target_damage_states": [0, 1], "conv_matrix": "{\"0\":{\"0\":0.9999963649,\"1\":0.351247636,\"2\":0.2065881682,\"3\":0.014806574,\"4\":0.0069445718},\"1\":{\"0\":0.0000036351,\"1\":0.648752364,\"2\":0.7934118318,\"3\":0.985193426,\"4\":0.9930554282}}"}