{"source_name": "Mavrouli_et_al_2018-W_MR_MD", "target_name": "Torres_Corredor_et_al_2017-Weak_roof", "source_damage_states": [0, 1, 2, 3, 4], "target_damage_states": [0, 1], "conv_matrix": "{\"0\":{\"0\":0.9999376185,\"1\":0.464331096,\"2\":0.2806539508,\"3\":0.040083376,\"4\":0.0147321252},\"1\":{\"0\":0.0000623815,\"1\":0.535668904,\"2\":0.7193460492,\"3\":0.959916624,\"4\":0.9852678748}}"}