{"source_name": "Mavrouli_et_al_2018-RC_MD", "target_name": "Torres_Corredor_et_al_2017-Moderate_roof", "source_damage_states": [0, 1, 2, 3, 4], "target_damage_states": [0, 1], "conv_matrix": "{\"0\":{\"0\":0.9999561925,\"1\":0.5910629887,\"2\":0.3581523811,\"3\":0.1516789098,\"4\":0.0667122223},\"1\":{\"0\":0.0000438075,\"1\":0.4089370113,\"2\":0.6418476189,\"3\":0.8483210902,\"4\":0.9332877777}}"}