{"source_schema": "Mavrouli_et_al_2018", "source_taxonomy": "W_MR_HD", "target_schema": "Torres_Corredor_et_al_2017", "target_taxonomy": "Slab_roof", "source_damage_states": [0, 1, 2, 3, 4], "target_damage_states": [0, 1], "conv_matrix": {"0": {"0": 0.9997733533, "1": 0.5153875979, "2": 0.3050674331, "3": 0.0701557824, "4": 0.0196225396}, "1": {"0": 0.0002266467, "1": 0.4846124021, "2": 0.6949325669, "3": 0.9298442176, "4": 0.9803774604}}}