{"source_schema": "Mavrouli_et_al_2018", "source_taxonomy": "RC_LD", "target_schema": "Torres_Corredor_et_al_2017", "target_taxonomy": "Moderate_roof", "source_damage_states": [0, 1, 2, 3, 4], "target_damage_states": [0, 1], "conv_matrix": {"0": {"0": 0.9999895211, "1": 0.6174906892, "2": 0.2914254822, "3": 0.1075590505, "4": 0.086081274}, "1": {"0": 1.04789e-05, "1": 0.3825093108, "2": 0.7085745178, "3": 0.8924409495, "4": 0.913918726}}}