{"source_name": "Mavrouli_et_al_2018-RC_S_HD", "target_name": "Torres_Corredor_et_al_2017-Moderate_roof", "source_damage_states": [0, 1, 2, 3, 4], "target_damage_states": [0, 1], "conv_matrix": "{\"0\":{\"0\":0.9999896377,\"1\":0.6723479616,\"2\":0.2626681632,\"3\":0.2187140903,\"4\":0.2090472465},\"1\":{\"0\":0.0000103623,\"1\":0.3276520384,\"2\":0.7373318368,\"3\":0.7812859097,\"4\":0.7909527535}}"}