{"source_schema": "Torres_Corredor_et_al_2017", "source_taxonomy": "Heavy_roof", "target_schema": "Mavrouli_et_al_2018", "target_taxonomy": "RC_LD", "source_damage_states": [0, 1], "target_damage_states": [0, 1, 2, 3, 4], "conv_matrix": {"0": {"0": 0.0048410297, "1": 3.4e-09}, "1": {"0": 0.2755712823, "1": 0.2173774623}, "2": {"0": 0.7064103016, "1": 0.4083799211}, "3": {"0": 0.0127136595, "1": 0.2258289933}, "4": {"0": 0.0004637268, "1": 0.1484136199}}}