{"source_name": "Torres_Corredor_et_al_2017-Weak_roof", "target_name": "Mavrouli_et_al_2018-RC_MD", "source_damage_states": [0, 1], "target_damage_states": [0, 1, 2, 3, 4], "conv_matrix": "{\"0\":{\"0\":0.0063256527,\"1\":0.0000004616},\"1\":{\"0\":0.4018533514,\"1\":0.121629935},\"2\":{\"0\":0.5207582517,\"1\":0.3818521997},\"3\":{\"0\":0.0547004443,\"1\":0.2333726162},\"4\":{\"0\":0.0163622999,\"1\":0.2631447874}}"}