{"source_schema": "Torres_Corredor_et_al_2017", "source_taxonomy": "Moderate_roof", "target_schema": "Mavrouli_et_al_2018", "target_taxonomy": "W_MR_HD", "source_damage_states": [0, 1], "target_damage_states": [0, 1, 2, 3, 4], "conv_matrix": {"0": {"0": 0.0050515349, "1": 9.71e-08}, "1": {"0": 0.367964558, "1": 0.1117149123}, "2": {"0": 0.4881426436, "1": 0.3838781087}, "3": {"0": 0.0944259086, "1": 0.2317441311}, "4": {"0": 0.0444153548, "1": 0.2726627508}}}