{"source_name": "Torres_Corredor_et_al_2017-Moderate_roof", "target_name": "Mavrouli_et_al_2018-W_MR_MD", "source_damage_states": [0, 1], "target_damage_states": [0, 1, 2, 3, 4], "conv_matrix": "{\"0\":{\"0\":0.0025331769,\"1\":0.0000000116},\"1\":{\"0\":0.4589200165,\"1\":0.1247472854},\"2\":{\"0\":0.4356730455,\"1\":0.4648375503},\"3\":{\"0\":0.0676485504,\"1\":0.2463051715},\"4\":{\"0\":0.0352252107,\"1\":0.1641099811}}"}