{"source_schema": "Torres_Corredor_et_al_2017", "source_taxonomy": "Heavy_roof", "target_schema": "Mavrouli_et_al_2018", "target_taxonomy": "RC_S_HD", "source_damage_states": [0, 1], "target_damage_states": [0, 1, 2, 3, 4], "conv_matrix": {"0": {"0": 0.0047807749, "1": 3.3e-09}, "1": {"0": 0.3162189551, "1": 0.1109099783}, "2": {"0": 0.655592938, "1": 0.4781285445}, "3": {"0": 0.0154728875, "1": 0.1955039196}, "4": {"0": 0.0079344446, "1": 0.2154575543}}}