{"source_name": "Torres_Corredor_et_al_2017-Heavy_roof", "target_name": "Mavrouli_et_al_2018-RC_MD", "source_damage_states": [0, 1], "target_damage_states": [0, 1, 2, 3, 4], "conv_matrix": "{\"0\":{\"0\":0.009653954,\"1\":0.0000000271},\"1\":{\"0\":0.3781612597,\"1\":0.1541105444},\"2\":{\"0\":0.5511071372,\"1\":0.3899594404},\"3\":{\"0\":0.0373812931,\"1\":0.2188202483},\"4\":{\"0\":0.0236963559,\"1\":0.2371097397}}"}