{"source_schema": "Torres_Corredor_et_al_2017", "source_taxonomy": "Moderate_roof", "target_schema": "Mavrouli_et_al_2018", "target_taxonomy": "RC_S_HD", "source_damage_states": [0, 1], "target_damage_states": [0, 1, 2, 3, 4], "conv_matrix": {"0": {"0": 0.0025016474, "1": 1.14e-08}, "1": {"0": 0.3167373698, "1": 0.067733044}, "2": {"0": 0.4361812405, "1": 0.537285399}, "3": {"0": 0.119598098, "1": 0.1874735522}, "4": {"0": 0.1249816443, "1": 0.2075079935}}}