{"source_schema": "Mavrouli_et_al_2014", "source_taxonomy": "RC_MD", "target_schema": "Torres_Corredor_et_al_2017", "target_taxonomy": "LM_B", "source_damage_states": [0, 1, 2, 3, 4], "target_damage_states": [0, 1, 2, 3], "conv_matrix": {"0": {"0": 0.9994025637, "1": 0.0327085765, "2": 0.0043441052, "3": 0.0, "4": 6.879560278e-16}, "1": {"0": 0.0003773819, "1": 0.1271301686, "2": 0.0208343894, "3": 3.2576e-06, "4": 1e-10}, "2": {"0": 0.0, "1": 0.6142804531, "2": 0.3101864623, "3": 0.3103330239, "4": 0.2399021999}, "3": {"0": 0.0002200544, "1": 0.2258808017, "2": 0.664635043, "3": 0.6896637185, "4": 0.7600978001}}}