{"source_schema": "Mavrouli_et_al_2014", "source_taxonomy": "W_MR_LD", "target_schema": "Torres_Corredor_et_al_2017", "target_taxonomy": "LM_M", "source_damage_states": [0, 1, 2, 3, 4], "target_damage_states": [0, 1, 2, 3], "conv_matrix": {"0": {"0": 0.9994497577, "1": 6.738e-07, "2": 0.009863664, "3": 1.612758918e-21, "4": 2.542580709e-34}, "1": {"0": 0.0004726227, "1": 0.549171278, "2": 0.089948723, "3": 1.964993189e-16, "4": 3.435733598e-28}, "2": {"0": 7.76196e-05, "1": 0.260904862, "2": 0.3243984647, "3": 0.0768575397, "4": 0.011980637}, "3": {"0": 1.694996916e-22, "1": 0.1899231862, "2": 0.5757891484, "3": 0.9231424603, "4": 0.988019363}}}