{"source_schema": "Mavrouli_et_al_2014", "source_taxonomy": "W_MR_HD", "target_schema": "Torres_Corredor_et_al_2017", "target_taxonomy": "P_M", "source_damage_states": [0, 1, 2, 3, 4], "target_damage_states": [0, 1, 2, 3], "conv_matrix": {"0": {"0": 0.5585635558, "1": 0.0065176419, "2": 3.5855e-06, "3": 3.749721748e-23, "4": 9.0861282e-29}, "1": {"0": 0.0009395562, "1": 0.8573089174, "2": 2.34799e-05, "3": 1.511989373e-22, "4": 2.294214987e-57}, "2": {"0": 0.4404968879, "1": 0.0099328455, "2": 0.7326984546, "3": 0.4636165014, "4": 0.4473182338}, "3": {"0": 5.939519741e-20, "1": 0.1262405951, "2": 0.26727448, "3": 0.5363834986, "4": 0.5526817662}}}