{"source_schema": "Mavrouli_et_al_2014", "source_taxonomy": "W_MR_MD", "target_schema": "Torres_Corredor_et_al_2017", "target_taxonomy": "LM_B", "source_damage_states": [0, 1, 2, 3, 4], "target_damage_states": [0, 1, 2, 3], "conv_matrix": {"0": {"0": 0.9997453392, "1": 5.257e-07, "2": 0.0192640371, "3": 1.152446088e-18, "4": 3.915713354e-27}, "1": {"0": 0.0002528586, "1": 0.0958547031, "2": 0.0242840608, "3": 9.81e-07, "4": 7e-10}, "2": {"0": 0.0, "1": 0.8983228064, "2": 0.0801117938, "3": 0.3129377789, "4": 0.4249209421}, "3": {"0": 1.8023e-06, "1": 0.0058219648, "2": 0.8763401083, "3": 0.68706124, "4": 0.5750790572}}}