{"source_schema": "Mavrouli_et_al_2014", "source_taxonomy": "W_MR_HD", "target_schema": "Torres_Corredor_et_al_2017", "target_taxonomy": "LM_R", "source_damage_states": [0, 1, 2, 3, 4], "target_damage_states": [0, 1, 2, 3], "conv_matrix": {"0": {"0": 0.5535134177, "1": 0.0063585536, "2": 7.442e-07, "3": 1.050632806e-20, "4": 6.754279326e-27}, "1": {"0": 8.00771e-05, "1": 0.7009965296, "2": 0.0332439265, "3": 2.215757991e-17, "4": 9.148839578e-51}, "2": {"0": 0.4464065052, "1": 0.1704068186, "2": 0.4858044324, "3": 0.0475820882, "4": 0.0003044438}, "3": {"0": 2.448347728e-16, "1": 0.1222380982, "2": 0.4809508969, "3": 0.9524179118, "4": 0.9996955562}}}