{"source_schema": "Mavrouli_et_al_2014", "source_taxonomy": "RC_S_HD", "target_schema": "Torres_Corredor_et_al_2017", "target_taxonomy": "L_B", "source_damage_states": [0, 1, 2, 3, 4], "target_damage_states": [0, 1, 2, 3], "conv_matrix": {"0": {"0": 0.4994091215, "1": 3.49282e-05, "2": 0.00886479, "3": 8.258569052e-38, "4": 2.080121311e-70}, "1": {"0": 0.5005908785, "1": 0.2154228096, "2": 0.1486352318, "3": 3.80754335e-29, "4": 1.683395245e-57}, "2": {"0": 0.0, "1": 0.0876694686, "2": 0.4815018959, "3": 0.0, "4": 1.251063008e-22}, "3": {"0": 9.09286537e-36, "1": 0.6968727936, "2": 0.3609980822, "3": 1.0, "4": 1.0}}}
