{"source_schema": "Mavrouli_et_al_2014", "source_taxonomy": "RC_S_HD", "target_schema": "Torres_Corredor_et_al_2017", "target_taxonomy": "LM_R", "source_damage_states": [0, 1, 2, 3, 4], "target_damage_states": [0, 1, 2, 3], "conv_matrix": {"0": {"0": 0.9998036594, "1": 0.0084418444, "2": 0.0001672101, "3": 6.726482763e-21, "4": 7.318457237e-29}, "1": {"0": 0.0001605239, "1": 0.9360050594, "2": 0.0118378273, "3": 0.0160954046, "4": 0.0205901658}, "2": {"0": 3.58167e-05, "1": 0.0552977664, "2": 0.4662475309, "3": 1.916e-07, "4": 0.0}, "3": {"0": 3.365190299e-27, "1": 0.0002553298, "2": 0.5217474318, "3": 0.9839044038, "4": 0.9794098342}}}