{"source_schema": "Mavrouli_et_al_2014", "source_taxonomy": "RC_S_HD", "target_schema": "Torres_Corredor_et_al_2017", "target_taxonomy": "P_B", "source_damage_states": [0, 1, 2, 3, 4], "target_damage_states": [0, 1, 2, 3], "conv_matrix": {"0": {"0": 0.9997819875, "1": 0.010346358, "2": 0.0273506216, "3": 6.468629268e-40, "4": 4.023018273e-62}, "1": {"0": 0.0002180125, "1": 0.124822786, "2": 0.030782468, "3": 6.786719525e-28, "4": 3.929668783e-38}, "2": {"0": 1.384198836e-16, "1": 0.2603131674, "2": 0.066975808, "3": 0.0603139468, "4": 0.064239067}, "3": {"0": 1.470266415e-34, "1": 0.6045176886, "2": 0.8748911023, "3": 0.9396860532, "4": 0.935760933}}}