{"source_schema": "Mavrouli_et_al_2014", "source_taxonomy": "RC_S_HD", "target_schema": "Torres_Corredor_et_al_2017", "target_taxonomy": "P_R", "source_damage_states": [0, 1, 2, 3, 4], "target_damage_states": [0, 1, 2, 3], "conv_matrix": {"0": {"0": 0.9996550942, "1": 0.0202700254, "2": 0.0175856985, "3": 2.594703818e-16, "4": 1.273924921e-18}, "1": {"0": 0.0003449058, "1": 0.9250784751, "2": 0.0484393676, "3": 4e-10, "4": 0.0}, "2": {"0": 0.0, "1": 0.0171793346, "2": 0.3340086157, "3": 0.1292413837, "4": 0.0707433106}, "3": {"0": 3.746594613e-16, "1": 0.0374721649, "2": 0.5999663182, "3": 0.870758616, "4": 0.9292566894}}}