{"source_schema": "Mavrouli_et_al_2014", "source_taxonomy": "RC_MD", "target_schema": "Torres_Corredor_et_al_2017", "target_taxonomy": "P_B", "source_damage_states": [0, 1, 2, 3, 4], "target_damage_states": [0, 1, 2, 3], "conv_matrix": {"0": {"0": 0.999597744, "1": 0.0077997624, "2": 0.0310052085, "3": 0.0010083407, "4": 2.1822e-06}, "1": {"0": 0.0001089456, "1": 0.158407388, "2": 0.0082935, "3": 1.352567006e-23, "4": 1.019321613e-30}, "2": {"0": 0.0002933104, "1": 0.1925464396, "2": 0.1187525928, "3": 0.034230976, "4": 0.003308832}, "3": {"0": 6.843772257e-18, "1": 0.6412464101, "2": 0.8419486987, "3": 0.9647606833, "4": 0.9966889858}}}