{"source_schema": "Mavrouli_et_al_2018", "source_taxonomy": "W_MR_MD", "target_schema": "Torres_Corredor_et_al_2017", "target_taxonomy": "Slab_roof", "source_damage_states": [0, 1, 2, 3, 4], "target_damage_states": [0, 1], "conv_matrix": {"0": {"0": 0.9999376185, "1": 0.464331096, "2": 0.2806539508, "3": 0.040083376, "4": 0.0147321252}, "1": {"0": 6.23815e-05, "1": 0.535668904, "2": 0.7193460492, "3": 0.959916624, "4": 0.9852678748}}}