{"source_schema": "Mavrouli_et_al_2014", "source_taxonomy": "W_MR_MD", "target_schema": "Torres_Corredor_et_al_2017", "target_taxonomy": "P_R", "source_damage_states": [0, 1, 2, 3, 4], "target_damage_states": [0, 1, 2, 3], "conv_matrix": {"0": {"0": 0.9992119668, "1": 0.0021660674, "2": 0.0248240413, "3": 1.667917399e-18, "4": 1.354871132e-29}, "1": {"0": 0.000787113, "1": 0.4689692312, "2": 0.1121720889, "3": 3.048287568e-18, "4": 4.16664576e-35}, "2": {"0": 9.196e-07, "1": 0.1517345754, "2": 0.3234132988, "3": 0.1007898945, "4": 0.039230306}, "3": {"0": 7e-10, "1": 0.3771301259, "2": 0.5395905709, "3": 0.8992101055, "4": 0.960769694}}}