{"source_schema": "Mavrouli_et_al_2014", "source_taxonomy": "RC_MD", "target_schema": "Torres_Corredor_et_al_2017", "target_taxonomy": "LM_M", "source_damage_states": [0, 1, 2, 3, 4], "target_damage_states": [0, 1, 2, 3], "conv_matrix": {"0": {"0": 0.9932586044, "1": 0.0143620125, "2": 0.0024355212, "3": 0.0, "4": 1.520992041e-21}, "1": {"0": 0.0001084463, "1": 0.8402288058, "2": 0.0143324842, "3": 6.81919285e-17, "4": 7.252927926e-40}, "2": {"0": 0.0066329492, "1": 0.0538737643, "2": 0.4530117797, "3": 0.1264828052, "4": 0.0035592412}, "3": {"0": 5.490748821e-19, "1": 0.0915354174, "2": 0.5302202149, "3": 0.8735171948, "4": 0.9964407588}}}