{"source_schema": "Mavrouli_et_al_2014", "source_taxonomy": "RC_S_HD", "target_schema": "Torres_Corredor_et_al_2017", "target_taxonomy": "LM_B", "source_damage_states": [0, 1, 2, 3, 4], "target_damage_states": [0, 1, 2, 3], "conv_matrix": {"0": {"0": 0.9998161907, "1": 0.0400883029, "2": 0.0059892859, "3": 4.24054359e-20, "4": 5.090724478e-30}, "1": {"0": 0.0001837715, "1": 0.1679353593, "2": 0.0171203541, "3": 2.8302e-06, "4": 2e-10}, "2": {"0": 6.273344312e-21, "1": 0.6625586403, "2": 0.0824846228, "3": 0.498182249, "4": 0.7302430114}, "3": {"0": 3.78e-08, "1": 0.1294176976, "2": 0.8944057371, "3": 0.5018149208, "4": 0.2697569883}}}