{"source_schema": "Mavrouli_et_al_2014", "source_taxonomy": "RC_MD", "target_schema": "Torres_Corredor_et_al_2017", "target_taxonomy": "P_R", "source_damage_states": [0, 1, 2, 3, 4], "target_damage_states": [0, 1, 2, 3], "conv_matrix": {"0": {"0": 0.9998233915, "1": 0.0165170532, "2": 0.0190167217, "3": 0.0, "4": 1.746049089e-17}, "1": {"0": 0.0001720558, "1": 0.8292233204, "2": 2.4634e-06, "3": 4.313638554e-26, "4": 1.33043521e-47}, "2": {"0": 4.5496e-06, "1": 0.0103357359, "2": 0.3739615053, "3": 0.1507084514, "4": 0.0987749511}, "3": {"0": 3.1e-09, "1": 0.1439238905, "2": 0.6070193096, "3": 0.8492915486, "4": 0.9012250489}}}