{"source_schema": "Mavrouli_et_al_2014", "source_taxonomy": "W_MR_LD", "target_schema": "Torres_Corredor_et_al_2017", "target_taxonomy": "P_M", "source_damage_states": [0, 1, 2, 3, 4], "target_damage_states": [0, 1, 2, 3], "conv_matrix": {"0": {"0": 0.99733434, "1": 2.84e-08, "2": 0.0029148906, "3": 1.451128705e-24, "4": 2.739567735e-40}, "1": {"0": 0.002309435, "1": 0.494625257, "2": 0.1111323877, "3": 8.349459311e-16, "4": 1.637518337e-37}, "2": {"0": 0.000356225, "1": 0.0847251215, "2": 0.8095298999, "3": 0.4737151927, "4": 0.054585314}, "3": {"0": 2.036090887e-16, "1": 0.4206495932, "2": 0.0764228217, "3": 0.5262848073, "4": 0.945414686}}}