{"source_schema": "Mavrouli_et_al_2014", "source_taxonomy": "RC_S_HD", "target_schema": "Torres_Corredor_et_al_2017", "target_taxonomy": "LM_M", "source_damage_states": [0, 1, 2, 3, 4], "target_damage_states": [0, 1, 2, 3], "conv_matrix": {"0": {"0": 0.9997821668, "1": 0.0181552119, "2": 0.0037482843, "3": 1.57093401e-22, "4": 4.471865172e-28}, "1": {"0": 0.0002173934, "1": 0.9632014859, "2": 0.0303377257, "3": 0.0053028697, "4": 0.0595161852}, "2": {"0": 4.398e-07, "1": 0.0147425819, "2": 0.3213300374, "3": 0.2146751728, "4": 0.1240834226}, "3": {"0": 1.85177236e-30, "1": 0.0039007202, "2": 0.6445839526, "3": 0.7800219575, "4": 0.8164003922}}}