{"source_schema": "Mavrouli_et_al_2014", "source_taxonomy": "RC_MD", "target_schema": "Torres_Corredor_et_al_2017", "target_taxonomy": "L_B", "source_damage_states": [0, 1, 2, 3, 4], "target_damage_states": [0, 1, 2, 3], "conv_matrix": {"0": {"0": 0.7498355975, "1": 1.16815e-05, "2": 0.0087185936, "3": 0.0004926358, "4": 2.3646e-06}, "1": {"0": 0.249871691, "1": 0.2934089309, "2": 0.1215260412, "3": 0.0, "4": 2.324743115e-18}, "2": {"0": 0.0002927115, "1": 0.0663411143, "2": 0.3417568668, "3": 0.2395052968, "4": 0.2773799173}, "3": {"0": 0.0, "1": 0.6402382732, "2": 0.5279984984, "3": 0.7600020674, "4": 0.7226177181}}}
