{"source_schema": "Mavrouli_et_al_2014", "source_taxonomy": "RC_S_HD", "target_schema": "Torres_Corredor_et_al_2017", "target_taxonomy": "L_R", "source_damage_states": [0, 1, 2, 3, 4], "target_damage_states": [0, 1, 2, 3], "conv_matrix": {"0": {"0": 0.9990791292, "1": 0.0264921399, "2": 0.0149080406, "3": 1.140517945e-17, "4": 1.214197423e-41}, "1": {"0": 0.0009208708, "1": 0.0988317513, "2": 0.0192200099, "3": 2.92675599e-24, "4": 9.40937987e-47}, "2": {"0": 2.577801211e-20, "1": 0.4069014397, "2": 0.8829386039, "3": 0.0239957151, "4": 0.0}, "3": {"0": 8.462006102e-54, "1": 0.4677746691, "2": 0.0829333455, "3": 0.9760042849, "4": 1.0}}}