{"source_schema": "Mavrouli_et_al_2014", "source_taxonomy": "W_MR_LD", "target_schema": "Torres_Corredor_et_al_2017", "target_taxonomy": "L_R", "source_damage_states": [0, 1, 2, 3, 4], "target_damage_states": [0, 1, 2, 3], "conv_matrix": {"0": {"0": 0.9983884862, "1": 0.0107953815, "2": 0.0195209656, "3": 0.0, "4": 2.913568851e-30}, "1": {"0": 0.0016115137, "1": 0.0232270065, "2": 0.0409445775, "3": 6.091733321e-22, "4": 2.446416417e-52}, "2": {"0": 1e-10, "1": 0.2354950478, "2": 0.8271085041, "3": 0.4096522828, "4": 0.0044618105}, "3": {"0": 0.0, "1": 0.7304825642, "2": 0.1124259528, "3": 0.5903477172, "4": 0.9955381895}}}