{"source_schema": "Mavrouli_et_al_2014", "source_taxonomy": "RC_MD", "target_schema": "Torres_Corredor_et_al_2017", "target_taxonomy": "L_M", "source_damage_states": [0, 1, 2, 3, 4], "target_damage_states": [0, 1, 2, 3], "conv_matrix": {"0": {"0": 0.9998824777, "1": 0.0202333676, "2": 0.0092345084, "3": 0.0, "4": 1.574503216e-17}, "1": {"0": 0.0001174925, "1": 0.1673613069, "2": 0.0073268036, "3": 4.460506018e-35, "4": 3.28314001e-56}, "2": {"0": 2.98e-08, "1": 0.3698873855, "2": 0.673177348, "3": 0.3876241416, "4": 0.4113124797}, "3": {"0": 1.846668049e-24, "1": 0.44251794, "2": 0.3102613401, "3": 0.6123758584, "4": 0.5886875203}}}