{"source_schema": "Mavrouli_et_al_2014", "source_taxonomy": "W_MR_HD", "target_schema": "Torres_Corredor_et_al_2017", "target_taxonomy": "L_R", "source_damage_states": [0, 1, 2, 3, 4], "target_damage_states": [0, 1, 2, 3], "conv_matrix": {"0": {"0": 0.9995405231, "1": 0.0200229595, "2": 0.0163035518, "3": 3.99e-08, "4": 0.0}, "1": {"0": 0.0004594767, "1": 0.1104489147, "2": 0.0071282802, "3": 7.873654382e-32, "4": 8.093879902e-43}, "2": {"0": 1e-10, "1": 0.4026088642, "2": 0.6600512509, "3": 0.394346777, "4": 0.4134200534}, "3": {"0": 2.528122674e-25, "1": 0.4669192616, "2": 0.3165169171, "3": 0.6056531831, "4": 0.5865799466}}}