{"source_schema": "Mavrouli_et_al_2014", "source_taxonomy": "RC_S_HD", "target_schema": "Torres_Corredor_et_al_2017", "target_taxonomy": "L_M", "source_damage_states": [0, 1, 2, 3, 4], "target_damage_states": [0, 1, 2, 3], "conv_matrix": {"0": {"0": 0.9997644756, "1": 0.0267736444, "2": 0.0091050241, "3": 1.614243092e-19, "4": 1.360043315e-42}, "1": {"0": 0.0002355244, "1": 0.1236016139, "2": 0.0336922745, "3": 2.766024788e-29, "4": 1.433023271e-50}, "2": {"0": 6.217884994e-18, "1": 0.4140936605, "2": 0.8793397198, "3": 0.0139728912, "4": 0.0}, "3": {"0": 1.307080228e-47, "1": 0.4355310812, "2": 0.0778629815, "3": 0.9860271088, "4": 1.0}}}