{"source_schema": "Mavrouli_et_al_2014", "source_taxonomy": "W_MR_MD", "target_schema": "Torres_Corredor_et_al_2017", "target_taxonomy": "P_B", "source_damage_states": [0, 1, 2, 3, 4], "target_damage_states": [0, 1, 2, 3], "conv_matrix": {"0": {"0": 0.9995919748, "1": 7.037e-07, "2": 0.0336196067, "3": 1.5e-09, "4": 2.30088694e-24}, "1": {"0": 0.0003372821, "1": 0.0250679847, "2": 0.0610638663, "3": 9.179925946e-22, "4": 4.471334902e-47}, "2": {"0": 7.0743e-05, "1": 0.2800650406, "2": 0.0559771747, "3": 0.0164337357, "4": 0.0075072826}, "3": {"0": 1.712570898e-18, "1": 0.6948662709, "2": 0.8493393524, "3": 0.9835662628, "4": 0.9924927174}}}