{"source_schema": "Mavrouli_et_al_2014", "source_taxonomy": "W_MR_LD", "target_schema": "Torres_Corredor_et_al_2017", "target_taxonomy": "L_M", "source_damage_states": [0, 1, 2, 3, 4], "target_damage_states": [0, 1, 2, 3], "conv_matrix": {"0": {"0": 0.9990726352, "1": 0.0113555484, "2": 0.0128853322, "3": 8.694370449e-17, "4": 5.910195238e-34}, "1": {"0": 0.0009273577, "1": 0.0212402894, "2": 0.0658131032, "3": 4.397826871e-22, "4": 1.446990684e-57}, "2": {"0": 7.1e-09, "1": 0.2624765596, "2": 0.8115412127, "3": 0.403968201, "4": 0.0013489199}, "3": {"0": 0.0, "1": 0.7049276026, "2": 0.1097603519, "3": 0.596031799, "4": 0.9986510801}}}