{"source_schema": "Mavrouli_et_al_2018", "source_taxonomy": "RC_S_HD", "target_schema": "Torres_Corredor_et_al_2017", "target_taxonomy": "Slab_roof", "source_damage_states": [0, 1, 2, 3, 4], "target_damage_states": [0, 1], "conv_matrix": {"0": {"0": 0.9999380855, "1": 0.5903339635, "2": 0.2436826886, "3": 0.1114411663, "4": 0.08737344}, "1": {"0": 6.19145e-05, "1": 0.4096660365, "2": 0.7563173114, "3": 0.8885588337, "4": 0.91262656}}}