{"source_schema": "Mavrouli_et_al_2014", "source_taxonomy": "W_MR_MD", "target_schema": "Torres_Corredor_et_al_2017", "target_taxonomy": "LM_R", "source_damage_states": [0, 1, 2, 3, 4], "target_damage_states": [0, 1, 2, 3], "conv_matrix": {"0": {"0": 0.999138601, "1": 1.1659e-06, "2": 0.0028253636, "3": 2.330313649e-23, "4": 8.666264697e-43}, "1": {"0": 0.0002844511, "1": 0.5588863757, "2": 0.0443804536, "3": 0.0, "4": 1.521669283e-34}, "2": {"0": 0.0005769478, "1": 0.0209130702, "2": 0.5249241012, "3": 3.941e-07, "4": 1.345783675e-18}, "3": {"0": 0.0, "1": 0.4201993882, "2": 0.4278700816, "3": 0.9999996059, "4": 1.0}}}