{"source_schema": "Mavrouli_et_al_2014", "source_taxonomy": "RC_S_HD", "target_schema": "Torres_Corredor_et_al_2017", "target_taxonomy": "P_M", "source_damage_states": [0, 1, 2, 3, 4], "target_damage_states": [0, 1, 2, 3], "conv_matrix": {"0": {"0": 0.9981118906, "1": 0.00865063, "2": 0.0001878654, "3": 2.740437657e-23, "4": 1.056039443e-33}, "1": {"0": 0.0018834512, "1": 0.9733846522, "2": 0.0452806364, "3": 3.4691e-06, "4": 1.331e-07}, "2": {"0": 4.6582e-06, "1": 0.0004827893, "2": 0.9110176335, "3": 0.147077907, "4": 7.623e-07}, "3": {"0": 2.885098625e-28, "1": 0.0174819286, "2": 0.0435138648, "3": 0.8529186239, "4": 0.9999991046}}}