{"source_schema": "Mavrouli_et_al_2014", "source_taxonomy": "RC_LD", "target_schema": "Torres_Corredor_et_al_2017", "target_taxonomy": "L_B", "source_damage_states": [0, 1, 2, 3, 4], "target_damage_states": [0, 1, 2, 3], "conv_matrix": {"0": {"0": 0.49884918, "1": 3.0068e-06, "2": 0.0098467205, "3": 1.5e-09, "4": 2.494259212e-24}, "1": {"0": 0.5010802215, "1": 0.0298417803, "2": 0.2181370803, "3": 0.0, "4": 3.443442856e-35}, "2": {"0": 7.05985e-05, "1": 0.0640426982, "2": 0.4690184598, "3": 0.1464451617, "4": 2.919e-07}, "3": {"0": 0.0, "1": 0.9061125147, "2": 0.3029977394, "3": 0.8535548368, "4": 0.9999997081}}}
