{"source_schema": "Mavrouli_et_al_2018", "source_taxonomy": "RC_LD", "target_schema": "Torres_Corredor_et_al_2017", "target_taxonomy": "Heavy_roof", "source_damage_states": [0, 1, 2, 3, 4], "target_damage_states": [0, 1], "conv_matrix": {"0": {"0": 0.9999963147, "1": 0.1940251797, "2": 0.2472604073, "3": 0.0105776639, "4": 0.0005929909}, "1": {"0": 3.6853e-06, "1": 0.8059748203, "2": 0.7527395927, "3": 0.9894223361, "4": 0.9994070091}}}