{"source_schema": "Torres_Corredor_et_al_2017", "source_taxonomy": "L_M", "target_schema": "Mavrouli_et_al_2014", "target_taxonomy": "W_MR_HD", "source_damage_states": [0, 1, 2, 3], "target_damage_states": [0, 1, 2, 3, 4], "conv_matrix": {"0": {"0": 0.1670715383, "1": 5.1985e-06, "2": 1e-10, "3": 6.339651079e-27}, "1": {"0": 0.4166309474, "1": 0.9125336743, "2": 0.1384738715, "3": 0.1872135352}, "2": {"0": 0.4162975141, "1": 0.0874611273, "2": 0.5517400239, "3": 0.2873695234}, "3": {"0": 2e-10, "1": 2.432045639e-34, "2": 0.1451118508, "3": 0.2590706252}, "4": {"0": 3.467228073e-16, "1": 1.914426724e-55, "2": 0.1646742537, "3": 0.2663463162}}}