{"source_schema": "Torres_Corredor_et_al_2017", "source_taxonomy": "Slab_roof", "target_schema": "Mavrouli_et_al_2018", "target_taxonomy": "RC_S_HD", "source_damage_states": [0, 1], "target_damage_states": [0, 1, 2, 3, 4], "conv_matrix": {"0": {"0": 0.003133034, "1": 6.24e-08}, "1": {"0": 0.3483087543, "1": 0.0778052495}, "2": {"0": 0.5068105308, "1": 0.5063342592}, "3": {"0": 0.0763228476, "1": 0.1958878165}, "4": {"0": 0.0654248332, "1": 0.2199726125}}}