{"source_schema": "Torres_Corredor_et_al_2017", "source_taxonomy": "P_B", "target_schema": "Mavrouli_et_al_2014", "target_taxonomy": "W_MR_LD", "source_damage_states": [0, 1, 2, 3], "target_damage_states": [0, 1, 2, 3, 4], "conv_matrix": {"0": {"0": 0.0479640514, "1": 7.7729e-06, "2": 5.871e-07, "3": 1.543376534e-21}, "1": {"0": 9.9068e-06, "1": 0.169491706, "2": 0.6819115049, "3": 0.1837219631}, "2": {"0": 0.9520260243, "1": 0.830500521, "2": 0.2741616291, "3": 0.4517182878}, "3": {"0": 1.75e-08, "1": 5.252585804e-21, "2": 0.0338618252, "3": 0.2200738379}, "4": {"0": 1.783459358e-23, "1": 1.664579555e-46, "2": 0.0100644537, "3": 0.1444859112}}}