{"source_schema": "Torres_Corredor_et_al_2017", "source_taxonomy": "L_B", "target_schema": "Mavrouli_et_al_2014", "target_taxonomy": "RC_MD", "source_damage_states": [0, 1, 2, 3], "target_damage_states": [0, 1, 2, 3, 4], "conv_matrix": {"0": {"0": 0.2369491321, "1": 0.003611119, "2": 1.7585e-06, "3": 3.428995272e-18}, "1": {"0": 0.000454903, "1": 0.5225500793, "2": 0.0491162215, "3": 0.1923229495}, "2": {"0": 0.7433135115, "1": 0.4738388016, "2": 0.5539443266, "3": 0.3472392802}, "3": {"0": 0.0191839771, "1": 0.0, "2": 0.1773172797, "3": 0.2282958421}, "4": {"0": 9.84764e-05, "1": 4.427770091e-18, "2": 0.2196204136, "3": 0.2321419282}}}
