{"source_schema": "Torres_Corredor_et_al_2017", "source_taxonomy": "P_B", "target_schema": "Mavrouli_et_al_2014", "target_taxonomy": "W_MR_HD", "source_damage_states": [0, 1, 2, 3], "target_damage_states": [0, 1, 2, 3, 4], "conv_matrix": {"0": {"0": 0.0956512555, "1": 5.007e-06, "2": 4.8544e-06, "3": 1.229960575e-20}, "1": {"0": 0.0919764451, "1": 0.8971604089, "2": 0.3927084503, "3": 0.1420203014}, "2": {"0": 0.8004543836, "1": 0.1028345842, "2": 0.5302547118, "3": 0.4082421051}, "3": {"0": 0.0118903958, "1": 7.660325191e-23, "2": 0.0698148462, "3": 0.2136676775}, "4": {"0": 2.752e-05, "1": 6.173925763e-30, "2": 0.0072171373, "3": 0.2360699159}}}