{"source_schema": "Torres_Corredor_et_al_2017", "source_taxonomy": "L_B", "target_schema": "Mavrouli_et_al_2014", "target_taxonomy": "RC_S_HD", "source_damage_states": [0, 1, 2, 3], "target_damage_states": [0, 1, 2, 3, 4], "conv_matrix": {"0": {"0": 0.0781508583, "1": 0.00358258, "2": 2.735587289e-16, "3": 1.097611406e-38}, "1": {"0": 0.0010292674, "1": 0.2903215432, "2": 0.0491160634, "3": 0.1584075865}, "2": {"0": 0.9208198743, "1": 0.7060958768, "2": 0.9508839366, "3": 0.2892555461}, "3": {"0": 2.824873469e-36, "1": 5.956274874e-29, "2": 0.0, "3": 0.2638546573}, "4": {"0": 7.779239301e-69, "1": 2.879189458e-57, "2": 8.895101924e-23, "3": 0.2884822102}}}
