{"source_schema": "Torres_Corredor_et_al_2017", "source_taxonomy": "P_M", "target_schema": "Mavrouli_et_al_2014", "target_taxonomy": "W_MR_HD", "source_damage_states": [0, 1, 2, 3], "target_damage_states": [0, 1, 2, 3, 4], "conv_matrix": {"0": {"0": 0.4098873095, "1": 8.8925e-06, "2": 0.0013965009, "3": 2.621090577e-22}, "1": {"0": 0.5894028273, "1": 0.9999311509, "2": 0.0038806271, "3": 0.0686530085}, "2": {"0": 0.0007098632, "1": 5.99565e-05, "2": 0.6267007052, "3": 0.3182179803}, "3": {"0": 3.390896303e-21, "1": 1.763499114e-22, "2": 0.1811260272, "3": 0.2916954794}, "4": {"0": 8.787312692e-27, "1": 2.861688596e-57, "2": 0.1868961396, "3": 0.3214335318}}}