{"source_schema": "Torres_Corredor_et_al_2017", "source_taxonomy": "P_R", "target_schema": "Mavrouli_et_al_2014", "target_taxonomy": "RC_S_HD", "source_damage_states": [0, 1, 2, 3], "target_damage_states": [0, 1, 2, 3, 4], "conv_matrix": {"0": {"0": 0.0606223462, "1": 1.6714e-06, "2": 0.0, "3": 4.581766383e-19}, "1": {"0": 0.2314789305, "1": 0.8441828047, "2": 0.0119771254, "3": 0.0086293809}, "2": {"0": 0.7078987233, "1": 0.1558155235, "2": 0.8208395251, "3": 0.4870258987}, "3": {"0": 0.0, "1": 4e-10, "2": 0.1045899979, "3": 0.2327613841}, "4": {"0": 1.846280048e-17, "1": 0.0, "2": 0.0625933517, "3": 0.2715833363}}}