{"source_schema": "Torres_Corredor_et_al_2017", "source_taxonomy": "LM_R", "target_schema": "Mavrouli_et_al_2014", "target_taxonomy": "RC_LD", "source_damage_states": [0, 1, 2, 3], "target_damage_states": [0, 1, 2, 3, 4], "conv_matrix": {"0": {"0": 0.3746481871, "1": 1.4959e-06, "2": 1.8262e-06, "3": 3.778439015e-16}, "1": {"0": 0.0001282571, "1": 0.8622661057, "2": 0.0194212085, "3": 0.1569232885}, "2": {"0": 0.6252235558, "1": 0.1377323984, "2": 0.9805766555, "3": 0.3214182155}, "3": {"0": 2.16947044e-21, "1": 0.0, "2": 3.097e-07, "3": 0.3160361493}, "4": {"0": 5.2493398e-41, "1": 1.292636434e-34, "2": 6.881324496e-19, "3": 0.2056223467}}}