{"source_schema": "Torres_Corredor_et_al_2017", "source_taxonomy": "LM_B", "target_schema": "Mavrouli_et_al_2014", "target_taxonomy": "W_MR_HD", "source_damage_states": [0, 1, 2, 3], "target_damage_states": [0, 1, 2, 3, 4], "conv_matrix": {"0": {"0": 0.1611360127, "1": 1.7727e-05, "2": 2.719393761e-17, "3": 5.609e-07}, "1": {"0": 0.649895663, "1": 0.7359226398, "2": 0.3302116358, "3": 0.0709535192}, "2": {"0": 0.1889683242, "1": 0.2640407755, "2": 0.3650523915, "3": 0.4570719158}, "3": {"0": 0.0, "1": 1.88572e-05, "2": 0.1668197322, "3": 0.2166335663}, "4": {"0": 0.0, "1": 5e-10, "2": 0.1379162405, "3": 0.2553404378}}}