{"source_schema": "Torres_Corredor_et_al_2017", "source_taxonomy": "P_B", "target_schema": "Mavrouli_et_al_2014", "target_taxonomy": "RC_S_HD", "source_damage_states": [0, 1, 2, 3], "target_damage_states": [0, 1, 2, 3, 4], "conv_matrix": {"0": {"0": 0.0473760588, "1": 4.9617e-06, "2": 1.134466318e-18, "3": 1.308518576e-37}, "1": {"0": 0.0923242396, "1": 0.5349602684, "2": 0.4017573952, "3": 0.1013135388}, "2": {"0": 0.8602997016, "1": 0.4650347699, "2": 0.3643678396, "3": 0.5168527182}, "3": {"0": 6.700123321e-39, "1": 3.376213132e-27, "2": 0.1080507508, "3": 0.1828030975}, "4": {"0": 4.555927585e-61, "1": 2.137372279e-37, "2": 0.1258240143, "3": 0.1990306455}}}