{"source_schema": "Torres_Corredor_et_al_2017", "source_taxonomy": "P_R", "target_schema": "Mavrouli_et_al_2014", "target_taxonomy": "W_MR_HD", "source_damage_states": [0, 1, 2, 3], "target_damage_states": [0, 1, 2, 3, 4], "conv_matrix": {"0": {"0": 0.1224383974, "1": 1.6837e-06, "2": 3.4e-08, "3": 0.0}, "1": {"0": 0.2492623888, "1": 0.9999918125, "2": 0.0095225809, "3": 0.0437996616}, "2": {"0": 0.6282992138, "1": 6.5038e-06, "2": 0.754304763, "3": 0.4044334357}, "3": {"0": 0.0, "1": 5.201905266e-26, "2": 0.1388495979, "3": 0.2584570702}, "4": {"0": 2.81796852e-16, "1": 1.715829657e-47, "2": 0.0973230242, "3": 0.2933098326}}}