{"source_schema": "Torres_Corredor_et_al_2017", "source_taxonomy": "L_R", "target_schema": "Mavrouli_et_al_2014", "target_taxonomy": "RC_MD", "source_damage_states": [0, 1, 2, 3], "target_damage_states": [0, 1, 2, 3, 4], "conv_matrix": {"0": {"0": 0.1270759449, "1": 2.95775e-05, "2": 0.0, "3": 8.573476633e-28}, "1": {"0": 0.3137047195, "1": 0.876170938, "2": 0.1499959343, "3": 0.1951328808}, "2": {"0": 0.5592187104, "1": 0.1237994845, "2": 0.5383695582, "3": 0.2895958104}, "3": {"0": 6.252e-07, "1": 6.245935403e-31, "2": 0.1469156972, "3": 0.2531083193}, "4": {"0": 0.0, "1": 6.866566815e-42, "2": 0.1647188103, "3": 0.2621629896}}}