{"source_schema": "Torres_Corredor_et_al_2017", "source_taxonomy": "L_M", "target_schema": "Mavrouli_et_al_2014", "target_taxonomy": "RC_S_HD", "source_damage_states": [0, 1, 2, 3], "target_damage_states": [0, 1, 2, 3, 4], "conv_matrix": {"0": {"0": 0.0827255053, "1": 5.1605e-06, "2": 9.354043202e-21, "3": 2.222117296e-50}, "1": {"0": 0.4171803411, "1": 0.5099774484, "2": 0.1173086089, "3": 0.1394307311}, "2": {"0": 0.5000941537, "1": 0.4900173911, "2": 0.8780966623, "3": 0.0878667804}, "3": {"0": 2.919628387e-18, "1": 1.32472336e-28, "2": 0.0045947287, "3": 0.3664126875}, "4": {"0": 2.689463494e-41, "1": 7.503720388e-50, "2": 0.0, "3": 0.406289801}}}