{"source_schema": "Torres_Corredor_et_al_2017", "source_taxonomy": "LM_M", "target_schema": "Mavrouli_et_al_2014", "target_taxonomy": "RC_MD", "source_damage_states": [0, 1, 2, 3], "target_damage_states": [0, 1, 2, 3, 4], "conv_matrix": {"0": {"0": 0.2904061647, "1": 1.0096e-06, "2": 4.57689e-05, "3": 1.396075022e-21}, "1": {"0": 0.5174741228, "1": 0.9639986176, "2": 0.0458111465, "3": 0.0286811254}, "2": {"0": 0.1921197125, "1": 0.0360003728, "2": 0.8433542071, "3": 0.3637223465}, "3": {"0": 0.0, "1": 7.823580707e-17, "2": 0.1075521454, "3": 0.2736983816}, "4": {"0": 5.860784886e-20, "1": 8.899133247e-40, "2": 0.0032367321, "3": 0.3338981465}}}