{"source_schema": "Torres_Corredor_et_al_2017", "source_taxonomy": "P_R", "target_schema": "Mavrouli_et_al_2014", "target_taxonomy": "W_MR_LD", "source_damage_states": [0, 1, 2, 3], "target_damage_states": [0, 1, 2, 3, 4], "conv_matrix": {"0": {"0": 0.0613591961, "1": 3.8624e-06, "2": 3.4e-09, "3": 0.0}, "1": {"0": 0.0390238865, "1": 0.6751552504, "2": 0.166890719, "3": 0.1370135293}, "2": {"0": 0.8996169174, "1": 0.3248408872, "2": 0.7155369852, "3": 0.394333034}, "3": {"0": 2.542951248e-17, "1": 3.713814283e-18, "2": 0.0938144141, "3": 0.2764638516}, "4": {"0": 1.343986367e-28, "1": 3.302814672e-35, "2": 0.0237578783, "3": 0.1921895851}}}