{"source_schema": "Torres_Corredor_et_al_2017", "source_taxonomy": "P_M", "target_schema": "Mavrouli_et_al_2014", "target_taxonomy": "RC_S_HD", "source_damage_states": [0, 1, 2, 3], "target_damage_states": [0, 1, 2, 3, 4], "conv_matrix": {"0": {"0": 0.3627098245, "1": 8.8277e-06, "2": 7.3e-09, "3": 6.304919941e-31}, "1": {"0": 0.5919737389, "1": 0.8591129001, "2": 0.0001427312, "3": 0.007194206}, "2": {"0": 0.0453164366, "1": 0.140874569, "2": 0.9493849245, "3": 0.0631212397}, "3": {"0": 2.176791987e-21, "1": 3.5541e-06, "2": 0.050472051, "3": 0.4074210125}, "4": {"0": 9.17131088e-32, "1": 1.491e-07, "2": 2.86e-07, "3": 0.5222635419}}}