{"source_schema": "Torres_Corredor_et_al_2017", "source_taxonomy": "LM_R", "target_schema": "Mavrouli_et_al_2014", "target_taxonomy": "RC_MD", "source_damage_states": [0, 1, 2, 3], "target_damage_states": [0, 1, 2, 3, 4], "conv_matrix": {"0": {"0": 0.4139027952, "1": 8.398e-07, "2": 0.0028178947, "3": 6.214996374e-19}, "1": {"0": 0.5859470687, "1": 0.9059397125, "2": 0.1325595623, "3": 0.0382387957}, "2": {"0": 0.0001501361, "1": 0.0940594477, "2": 0.8273556701, "3": 0.3293859291}, "3": {"0": 9.681546928e-19, "1": 2.863515273e-17, "2": 0.0370136011, "3": 0.2979332173}, "4": {"0": 6.656325756e-25, "1": 1.264459563e-50, "2": 0.0002532717, "3": 0.3344420578}}}