{"source_schema": "Torres_Corredor_et_al_2017", "source_taxonomy": "L_R", "target_schema": "Mavrouli_et_al_2014", "target_taxonomy": "W_MR_MD", "source_damage_states": [0, 1, 2, 3], "target_damage_states": [0, 1, 2, 3, 4], "conv_matrix": {"0": {"0": 0.0636487966, "1": 5.20187e-05, "2": 0.0, "3": 1.018993147e-16}, "1": {"0": 0.2019134002, "1": 0.2199657149, "2": 0.1047399341, "3": 0.3644457441}, "2": {"0": 0.7344378032, "1": 0.7799822664, "2": 0.739979323, "3": 0.1128278173}, "3": {"0": 0.0, "1": 4.882110272e-21, "2": 0.1541880957, "3": 0.2492504005}, "4": {"0": 3.000480149e-29, "1": 1.275646855e-51, "2": 0.0010926472, "3": 0.2734760382}}}