{"source_schema": "Torres_Corredor_et_al_2017", "source_taxonomy": "LM_B", "target_schema": "Mavrouli_et_al_2014", "target_taxonomy": "RC_S_HD", "source_damage_states": [0, 1, 2, 3], "target_damage_states": [0, 1, 2, 3, 4], "conv_matrix": {"0": {"0": 0.0798289713, "1": 4.2748e-06, "2": 1.355136907e-23, "3": 0.0}, "1": {"0": 0.6027436657, "1": 0.7356287215, "2": 0.2695150288, "3": 0.0307624753}, "2": {"0": 0.317427363, "1": 0.264352612, "2": 0.118273103, "3": 0.7494048821}, "3": {"0": 7.400802469e-19, "1": 1.43903e-05, "2": 0.2352281059, "3": 0.1384565406}, "4": {"0": 9.713844478e-29, "1": 1.3e-09, "2": 0.3769837623, "3": 0.081376102}}}