{"source_schema": "Torres_Corredor_et_al_2017", "source_taxonomy": "LM_M", "target_schema": "Mavrouli_et_al_2014", "target_taxonomy": "W_MR_MD", "source_damage_states": [0, 1, 2, 3], "target_damage_states": [0, 1, 2, 3, 4], "conv_matrix": {"0": {"0": 0.1465318907, "1": 2.2064e-06, "2": 2.686e-07, "3": 2.161094626e-25}, "1": {"0": 2.8983e-05, "1": 0.7521786852, "2": 0.2648563404, "3": 0.0710426857}, "2": {"0": 0.8534391263, "1": 0.2478191084, "2": 0.6624202078, "3": 0.4332428862}, "3": {"0": 5.870594714e-20, "1": 2.277609179e-16, "2": 0.0660267054, "3": 0.2922234466}, "4": {"0": 6.021722991e-33, "1": 2.591021493e-28, "2": 0.0066964778, "3": 0.2034909814}}}