{"source_schema": "Torres_Corredor_et_al_2017", "source_taxonomy": "L_B", "target_schema": "Mavrouli_et_al_2014", "target_taxonomy": "W_MR_MD", "source_damage_states": [0, 1, 2, 3], "target_damage_states": [0, 1, 2, 3, 4], "conv_matrix": {"0": {"0": 0.0790471146, "1": 0.0036312797, "2": 2.127e-07, "3": 0.0}, "1": {"0": 0.0001397839, "1": 0.0634473781, "2": 0.0566038761, "3": 0.3249420901}, "2": {"0": 0.9208130415, "1": 0.9329213422, "2": 0.8338598578, "3": 0.2185696265}, "3": {"0": 6e-08, "1": 0.0, "2": 0.1095359114, "3": 0.2590360545}, "4": {"0": 6.384592498e-23, "1": 4.031068316e-35, "2": 1.42e-07, "3": 0.1974522289}}}
