{"source_schema": "Torres_Corredor_et_al_2017", "source_taxonomy": "LM_B", "target_schema": "Mavrouli_et_al_2014", "target_taxonomy": "W_MR_MD", "source_damage_states": [0, 1, 2, 3], "target_damage_states": [0, 1, 2, 3, 4], "conv_matrix": {"0": {"0": 0.0808293773, "1": 5.9561e-06, "2": 5.352586308e-16, "3": 2.3e-09}, "1": {"0": 1.24702e-05, "1": 0.6624167864, "2": 0.5764909114, "3": 0.0021832253}, "2": {"0": 0.9191581525, "1": 0.3375715178, "2": 0.1034148905, "3": 0.6610407803}, "3": {"0": 2.313353083e-17, "1": 5.7371e-06, "2": 0.1699507099, "3": 0.2180365891}, "4": {"0": 5.114057142e-26, "1": 2.6e-09, "2": 0.1501434882, "3": 0.118739403}}}