{"source_schema": "Torres_Corredor_et_al_2017", "source_taxonomy": "Weak_roof", "target_schema": "Mavrouli_et_al_2018", "target_taxonomy": "RC_LD", "source_damage_states": [0, 1], "target_damage_states": [0, 1, 2, 3, 4], "conv_matrix": {"0": {"0": 0.0031725201, "1": 6.37e-08}, "1": {"0": 0.4322109472, "1": 0.1605006328}, "2": {"0": 0.5254915473, "1": 0.4335555566}, "3": {"0": 0.0315745547, "1": 0.2433989912}, "4": {"0": 0.0075504306, "1": 0.1625447557}}}