{"source_schema": "Torres_Corredor_et_al_2017", "source_taxonomy": "LM_M", "target_schema": "Mavrouli_et_al_2014", "target_taxonomy": "RC_S_HD", "source_damage_states": [0, 1, 2, 3], "target_damage_states": [0, 1, 2, 3, 4], "conv_matrix": {"0": {"0": 0.1447561737, "1": 1.0023e-06, "2": 1.5e-09, "3": 2.331594333e-33}, "1": {"0": 0.4950027926, "1": 0.8362362262, "2": 0.009486377, "3": 0.0009248788}, "2": {"0": 0.3602410338, "1": 0.0928430045, "2": 0.7288404797, "3": 0.5387333141}, "3": {"0": 4.971718888e-21, "1": 0.0053439833, "2": 0.1603433475, "3": 0.2146787883}, "4": {"0": 1.547360819e-26, "1": 0.0655757837, "2": 0.1013297944, "3": 0.2456630188}}}