{"source_schema": "Torres_Corredor_et_al_2017", "source_taxonomy": "LM_R", "target_schema": "Mavrouli_et_al_2014", "target_taxonomy": "RC_S_HD", "source_damage_states": [0, 1, 2, 3], "target_damage_states": [0, 1, 2, 3, 4], "conv_matrix": {"0": {"0": 0.3702313085, "1": 8.336e-07, "2": 1.12e-07, "3": 4.230245994e-30}, "1": {"0": 0.5886679341, "1": 0.9153656582, "2": 0.0325510252, "3": 6.04411e-05}, "2": {"0": 0.0411007574, "1": 0.0408077594, "2": 0.9674487319, "3": 0.4353567315}, "3": {"0": 5.444567259e-19, "1": 0.0182709283, "2": 1.309e-07, "3": 0.2703496506}, "4": {"0": 6.47663087e-27, "1": 0.0255548204, "2": 0.0, "3": 0.2942331769}}}