{"source_schema": "Torres_Corredor_et_al_2017", "source_taxonomy": "L_R", "target_schema": "Mavrouli_et_al_2014", "target_taxonomy": "RC_S_HD", "source_damage_states": [0, 1, 2, 3], "target_damage_states": [0, 1, 2, 3, 4], "conv_matrix": {"0": {"0": 0.0629000575, "1": 2.93552e-05, "2": 3.859259222e-23, "3": 1.421086038e-56}, "1": {"0": 0.3140818301, "1": 0.5932761246, "2": 0.1147145142, "3": 0.1479307146}, "2": {"0": 0.6230181124, "1": 0.4066945202, "2": 0.8774330365, "3": 0.092449629}, "3": {"0": 1.569532063e-16, "1": 2.039337912e-23, "2": 0.0078524492, "3": 0.3582743167}, "4": {"0": 1.826886844e-40, "1": 7.168329361e-46, "2": 0.0, "3": 0.4013453397}}}