{"source_schema": "Torres_Corredor_et_al_2017", "source_taxonomy": "P_M", "target_schema": "Mavrouli_et_al_2014", "target_taxonomy": "W_MR_LD", "source_damage_states": [0, 1, 2, 3], "target_damage_states": [0, 1, 2, 3, 4], "conv_matrix": {"0": {"0": 0.3669951628, "1": 1.09607e-05, "2": 5.663e-07, "3": 4.505630261e-19}, "1": {"0": 3.063e-06, "1": 0.688721132, "2": 0.0395161649, "3": 0.2730960232}, "2": {"0": 0.6330017741, "1": 0.3112679074, "2": 0.7594900066, "3": 0.0998032198}, "3": {"0": 1.325766256e-22, "1": 9.838534666e-16, "2": 0.1869755632, "3": 0.2891483269}, "4": {"0": 1.628457577e-38, "1": 1.255427444e-37, "2": 0.0140176989, "3": 0.3379524301}}}