{"source_schema": "Torres_Corredor_et_al_2017", "source_taxonomy": "L_M", "target_schema": "Mavrouli_et_al_2014", "target_taxonomy": "W_MR_LD", "source_damage_states": [0, 1, 2, 3], "target_damage_states": [0, 1, 2, 3, 4], "conv_matrix": {"0": {"0": 0.0837101786, "1": 2.0575e-05, "2": 0.0, "3": 1.822277909e-16}, "1": {"0": 0.2791424152, "1": 0.1382574788, "2": 0.1173068037, "3": 0.3560288907}, "2": {"0": 0.6371474062, "1": 0.8617219462, "2": 0.7295748206, "3": 0.1115097382}, "3": {"0": 0.0, "1": 2.422541804e-21, "2": 0.1527864375, "3": 0.2547505341}, "4": {"0": 7.999408439e-33, "1": 5.185997048e-57, "2": 0.0003319381, "3": 0.277710837}}}